Rank,Feature,Coefficient,Abs_Coefficient,Effect
1,Glucose,1.1834438806611995,1.1834438806611995,Increases risk
2,BMI,0.7097094630649781,0.7097094630649781,Increases risk
3,Pregnancies,0.3730189971538431,0.3730189971538431,Increases risk
4,DiabetesPedigreeFunction,0.28774544075837616,0.28774544075837616,Increases risk
5,Age,0.1863930016909393,0.1863930016909393,Increases risk
6,Insulin,-0.04465125693770681,0.04465125693770681,Decreases risk
7,BloodPressure,-0.014547911548349196,0.014547911548349196,Decreases risk
8,SkinThickness,0.01387690837373802,0.01387690837373802,Increases risk
